/*M!999999\- enable the sandbox mode */ 
-- MariaDB dump 10.19  Distrib 10.5.29-MariaDB, for Linux (x86_64)
--
-- Host: classmysql.engr.oregonstate.edu    Database: cs340_pomaresj
-- ------------------------------------------------------
-- Server version	10.11.15-MariaDB-log

/*!40101 SET @OLD_CHARACTER_SET_CLIENT=@@CHARACTER_SET_CLIENT */;
/*!40101 SET @OLD_CHARACTER_SET_RESULTS=@@CHARACTER_SET_RESULTS */;
/*!40101 SET @OLD_COLLATION_CONNECTION=@@COLLATION_CONNECTION */;
/*!40101 SET NAMES utf8mb4 */;
/*!40103 SET @OLD_TIME_ZONE=@@TIME_ZONE */;
/*!40103 SET TIME_ZONE='+00:00' */;
/*!40014 SET @OLD_UNIQUE_CHECKS=@@UNIQUE_CHECKS, UNIQUE_CHECKS=0 */;
/*!40014 SET @OLD_FOREIGN_KEY_CHECKS=@@FOREIGN_KEY_CHECKS, FOREIGN_KEY_CHECKS=0 */;
/*!40101 SET @OLD_SQL_MODE=@@SQL_MODE, SQL_MODE='NO_AUTO_VALUE_ON_ZERO' */;
/*!40111 SET @OLD_SQL_NOTES=@@SQL_NOTES, SQL_NOTES=0 */;

--
-- Table structure for table `Customers`
--

DROP TABLE IF EXISTS `Customers`;
/*!40101 SET @saved_cs_client     = @@character_set_client */;
/*!40101 SET character_set_client = utf8mb4 */;
CREATE TABLE `Customers` (
  `CustomerID` int(11) NOT NULL AUTO_INCREMENT,
  `CustomerName` varchar(50) DEFAULT NULL,
  `AddressLine1` varchar(50) DEFAULT NULL,
  `AddressLine2` varchar(50) DEFAULT NULL,
  `City` varchar(50) DEFAULT NULL,
  `State` varchar(50) DEFAULT NULL,
  `PostalCode` varchar(50) DEFAULT NULL,
  `YTDPurchases` decimal(19,2) DEFAULT NULL,
  PRIMARY KEY (`CustomerID`)
) ENGINE=InnoDB AUTO_INCREMENT=4 DEFAULT CHARSET=utf8mb4 COLLATE=utf8mb4_general_ci;
/*!40101 SET character_set_client = @saved_cs_client */;

--
-- Dumping data for table `Customers`
--

LOCK TABLES `Customers` WRITE;
/*!40000 ALTER TABLE `Customers` DISABLE KEYS */;
INSERT INTO `Customers` VALUES (1,'Bike World','60025 Bollinger Canyon Road',NULL,'San Ramon','California','94583',NULL),(2,'Metro Sports','482505 Warm Springs Blvd.',NULL,'Fremont','California','94536',NULL),(3,'Pomares Consulting','267 Junipero St',NULL,'Pleasanton','California','94566',NULL);
/*!40000 ALTER TABLE `Customers` ENABLE KEYS */;
UNLOCK TABLES;

--
-- Table structure for table `Ingredients`
--

DROP TABLE IF EXISTS `Ingredients`;
/*!40101 SET @saved_cs_client     = @@character_set_client */;
/*!40101 SET character_set_client = utf8mb4 */;
CREATE TABLE `Ingredients` (
  `ingredientID` int(11) NOT NULL AUTO_INCREMENT,
  `ingredientName` varchar(100) NOT NULL,
  `unit` varchar(20) NOT NULL,
  `quantityInStock` decimal(8,2) NOT NULL,
  `reorderLevel` decimal(8,2) NOT NULL,
  PRIMARY KEY (`ingredientID`)
) ENGINE=InnoDB AUTO_INCREMENT=6 DEFAULT CHARSET=utf8mb4 COLLATE=utf8mb4_general_ci;
/*!40101 SET character_set_client = @saved_cs_client */;

--
-- Dumping data for table `Ingredients`
--

LOCK TABLES `Ingredients` WRITE;
/*!40000 ALTER TABLE `Ingredients` DISABLE KEYS */;
INSERT INTO `Ingredients` VALUES (1,'Bread','slices',200.00,50.00),(2,'Eggs','units',120.00,30.00),(3,'Avocado','grams',5000.00,1000.00),(4,'Milk','liters',25.00,5.00),(5,'Coffee Beans','grams',3000.00,500.00);
/*!40000 ALTER TABLE `Ingredients` ENABLE KEYS */;
UNLOCK TABLES;

--
-- Table structure for table `InvoiceDetails`
--

DROP TABLE IF EXISTS `InvoiceDetails`;
/*!40101 SET @saved_cs_client     = @@character_set_client */;
/*!40101 SET character_set_client = utf8mb4 */;
CREATE TABLE `InvoiceDetails` (
  `InvoiceDetailsID` int(11) NOT NULL AUTO_INCREMENT,
  `InvoiceID` int(11) DEFAULT NULL,
  `ProductNumber` varchar(50) DEFAULT NULL,
  `OrderQty` int(11) DEFAULT NULL,
  `UnitPrice` decimal(19,2) DEFAULT NULL,
  `LineTotal` decimal(18,2) DEFAULT NULL,
  PRIMARY KEY (`InvoiceDetailsID`),
  KEY `FK_InvoiceDetails_InvoiceID` (`InvoiceID`),
  KEY `FK_InvoiceDetails_ProductNumber` (`ProductNumber`),
  CONSTRAINT `FK_InvoiceDetails_InvoiceID` FOREIGN KEY (`InvoiceID`) REFERENCES `Invoices` (`InvoiceID`),
  CONSTRAINT `FK_InvoiceDetails_ProductNumber` FOREIGN KEY (`ProductNumber`) REFERENCES `Products` (`ProductNumber`)
) ENGINE=InnoDB AUTO_INCREMENT=7 DEFAULT CHARSET=utf8mb4 COLLATE=utf8mb4_general_ci;
/*!40101 SET character_set_client = @saved_cs_client */;

--
-- Dumping data for table `InvoiceDetails`
--

LOCK TABLES `InvoiceDetails` WRITE;
/*!40000 ALTER TABLE `InvoiceDetails` DISABLE KEYS */;
INSERT INTO `InvoiceDetails` VALUES (1,1,'BK-M68S-38',1,2319.99,2319.99),(2,1,'HL-U509-R',2,34.99,69.98),(3,2,'BK-R89B-52',1,2443.35,2443.35),(4,3,'BK-T79U-50',2,2145.66,4291.32),(5,3,'BK-R89B-52',2,2199.01,4398.02),(6,3,'HL-U509',2,31.49,62.98);
/*!40000 ALTER TABLE `InvoiceDetails` ENABLE KEYS */;
UNLOCK TABLES;

--
-- Table structure for table `Invoices`
--

DROP TABLE IF EXISTS `Invoices`;
/*!40101 SET @saved_cs_client     = @@character_set_client */;
/*!40101 SET character_set_client = utf8mb4 */;
CREATE TABLE `Invoices` (
  `InvoiceID` int(11) NOT NULL AUTO_INCREMENT,
  `CustomerID` int(11) DEFAULT NULL,
  `InvoiceDate` datetime DEFAULT NULL,
  `TermsCodeID` varchar(50) DEFAULT NULL,
  `TotalDue` decimal(19,2) DEFAULT NULL,
  PRIMARY KEY (`InvoiceID`),
  KEY `CustomerID` (`CustomerID`),
  KEY `TermsCodeID` (`TermsCodeID`),
  CONSTRAINT `Invoices_ibfk_1` FOREIGN KEY (`CustomerID`) REFERENCES `Customers` (`CustomerID`),
  CONSTRAINT `Invoices_ibfk_2` FOREIGN KEY (`TermsCodeID`) REFERENCES `TermsCode` (`TermsCodeID`)
) ENGINE=InnoDB AUTO_INCREMENT=4 DEFAULT CHARSET=utf8mb4 COLLATE=utf8mb4_general_ci;
/*!40101 SET character_set_client = @saved_cs_client */;

--
-- Dumping data for table `Invoices`
--

LOCK TABLES `Invoices` WRITE;
/*!40000 ALTER TABLE `Invoices` DISABLE KEYS */;
INSERT INTO `Invoices` VALUES (1,2,'2014-02-07 00:00:00','NET30',2388.98),(2,1,'2014-02-02 00:00:00','210NET30',2443.35),(3,1,'2014-02-09 00:00:00','NET30',8752.32);
/*!40000 ALTER TABLE `Invoices` ENABLE KEYS */;
UNLOCK TABLES;

--
-- Table structure for table `MenuItemIngredients`
--

DROP TABLE IF EXISTS `MenuItemIngredients`;
/*!40101 SET @saved_cs_client     = @@character_set_client */;
/*!40101 SET character_set_client = utf8mb4 */;
CREATE TABLE `MenuItemIngredients` (
  `menuItemIngredientID` int(11) NOT NULL AUTO_INCREMENT,
  `menuItemID` int(11) NOT NULL,
  `ingredientID` int(11) NOT NULL,
  `quantityRequired` decimal(8,2) NOT NULL,
  PRIMARY KEY (`menuItemIngredientID`),
  UNIQUE KEY `uq_menuitem_ingredient` (`menuItemID`,`ingredientID`),
  KEY `fk_menuitemingredients_ingredients` (`ingredientID`),
  CONSTRAINT `fk_menuitemingredients_ingredients` FOREIGN KEY (`ingredientID`) REFERENCES `Ingredients` (`ingredientID`) ON DELETE CASCADE ON UPDATE CASCADE,
  CONSTRAINT `fk_menuitemingredients_menuitems` FOREIGN KEY (`menuItemID`) REFERENCES `MenuItems` (`menuItemID`) ON DELETE CASCADE ON UPDATE CASCADE
) ENGINE=InnoDB AUTO_INCREMENT=7 DEFAULT CHARSET=utf8mb4 COLLATE=utf8mb4_general_ci;
/*!40101 SET character_set_client = @saved_cs_client */;

--
-- Dumping data for table `MenuItemIngredients`
--

LOCK TABLES `MenuItemIngredients` WRITE;
/*!40000 ALTER TABLE `MenuItemIngredients` DISABLE KEYS */;
INSERT INTO `MenuItemIngredients` VALUES (1,1,1,2.00),(2,1,2,1.00),(3,2,1,1.00),(4,2,3,75.00),(5,3,4,0.25),(6,3,5,18.00);
/*!40000 ALTER TABLE `MenuItemIngredients` ENABLE KEYS */;
UNLOCK TABLES;

--
-- Table structure for table `MenuItems`
--

DROP TABLE IF EXISTS `MenuItems`;
/*!40101 SET @saved_cs_client     = @@character_set_client */;
/*!40101 SET character_set_client = utf8mb4 */;
CREATE TABLE `MenuItems` (
  `menuItemID` int(11) NOT NULL AUTO_INCREMENT,
  `itemName` varchar(100) NOT NULL,
  `price` decimal(8,2) NOT NULL,
  `category` varchar(50) NOT NULL,
  `isAvailable` tinyint(1) NOT NULL,
  PRIMARY KEY (`menuItemID`)
) ENGINE=InnoDB AUTO_INCREMENT=5 DEFAULT CHARSET=utf8mb4 COLLATE=utf8mb4_general_ci;
/*!40101 SET character_set_client = @saved_cs_client */;

--
-- Dumping data for table `MenuItems`
--

LOCK TABLES `MenuItems` WRITE;
/*!40000 ALTER TABLE `MenuItems` DISABLE KEYS */;
INSERT INTO `MenuItems` VALUES (1,'Breakfast Sandwich',7.50,'Breakfast',1),(2,'Avocado Toast',6.25,'Breakfast',1),(3,'Iced Latte',4.75,'Beverage',1),(4,'Tomato Soup',5.50,'Lunch',0);
/*!40000 ALTER TABLE `MenuItems` ENABLE KEYS */;
UNLOCK TABLES;

--
-- Table structure for table `OrderItems`
--

DROP TABLE IF EXISTS `OrderItems`;
/*!40101 SET @saved_cs_client     = @@character_set_client */;
/*!40101 SET character_set_client = utf8mb4 */;
CREATE TABLE `OrderItems` (
  `orderItemID` int(11) NOT NULL AUTO_INCREMENT,
  `orderID` int(11) NOT NULL,
  `menuItemID` int(11) NOT NULL,
  `quantity` int(11) NOT NULL,
  PRIMARY KEY (`orderItemID`),
  KEY `fk_orderitems_orders` (`orderID`),
  KEY `fk_orderitems_menuitems` (`menuItemID`),
  CONSTRAINT `fk_orderitems_menuitems` FOREIGN KEY (`menuItemID`) REFERENCES `MenuItems` (`menuItemID`) ON DELETE CASCADE ON UPDATE CASCADE,
  CONSTRAINT `fk_orderitems_orders` FOREIGN KEY (`orderID`) REFERENCES `Orders` (`orderID`) ON DELETE CASCADE ON UPDATE CASCADE
) ENGINE=InnoDB AUTO_INCREMENT=5 DEFAULT CHARSET=utf8mb4 COLLATE=utf8mb4_general_ci;
/*!40101 SET character_set_client = @saved_cs_client */;

--
-- Dumping data for table `OrderItems`
--

LOCK TABLES `OrderItems` WRITE;
/*!40000 ALTER TABLE `OrderItems` DISABLE KEYS */;
INSERT INTO `OrderItems` VALUES (1,1,1,1),(2,1,3,1),(3,2,2,1),(4,2,3,1);
/*!40000 ALTER TABLE `OrderItems` ENABLE KEYS */;
UNLOCK TABLES;

--
-- Table structure for table `Orders`
--

DROP TABLE IF EXISTS `Orders`;
/*!40101 SET @saved_cs_client     = @@character_set_client */;
/*!40101 SET character_set_client = utf8mb4 */;
CREATE TABLE `Orders` (
  `orderID` int(11) NOT NULL AUTO_INCREMENT,
  `orderDateTime` datetime NOT NULL,
  `orderTotal` decimal(8,2) NOT NULL,
  `orderStatus` varchar(20) NOT NULL,
  PRIMARY KEY (`orderID`)
) ENGINE=InnoDB AUTO_INCREMENT=4 DEFAULT CHARSET=utf8mb4 COLLATE=utf8mb4_general_ci;
/*!40101 SET character_set_client = @saved_cs_client */;

--
-- Dumping data for table `Orders`
--

LOCK TABLES `Orders` WRITE;
/*!40000 ALTER TABLE `Orders` DISABLE KEYS */;
INSERT INTO `Orders` VALUES (1,'2026-01-10 08:15:00',18.50,'Completed'),(2,'2026-01-10 09:02:00',12.00,'Completed'),(3,'2026-01-10 10:30:00',9.75,'Canceled');
/*!40000 ALTER TABLE `Orders` ENABLE KEYS */;
UNLOCK TABLES;

--
-- Table structure for table `Products`
--

DROP TABLE IF EXISTS `Products`;
/*!40101 SET @saved_cs_client     = @@character_set_client */;
/*!40101 SET character_set_client = utf8mb4 */;
CREATE TABLE `Products` (
  `ProductNumber` varchar(50) NOT NULL,
  `ProductName` varchar(50) DEFAULT NULL,
  `SafetyStockLevel` int(11) DEFAULT NULL,
  `ReorderPoint` int(11) DEFAULT NULL,
  `StandardCost` decimal(19,2) DEFAULT NULL,
  `ListPrice` decimal(19,2) DEFAULT NULL,
  `DaysToManufacture` int(11) DEFAULT NULL,
  PRIMARY KEY (`ProductNumber`)
) ENGINE=InnoDB DEFAULT CHARSET=utf8mb4 COLLATE=utf8mb4_general_ci;
/*!40101 SET character_set_client = @saved_cs_client */;

--
-- Dumping data for table `Products`
--

LOCK TABLES `Products` WRITE;
/*!40000 ALTER TABLE `Products` DISABLE KEYS */;
INSERT INTO `Products` VALUES ('BB-7421','LL Bottom Bracket',500,375,23.97,53.99,1),('BB-9108','HL Bottom Bracket',500,375,53.94,121.49,1),('BK-M18B-40','Mountain-500 Black, 40',100,75,294.58,539.99,4),('BK-M18B-42','Mountain-500 Black, 42',100,75,294.58,539.99,4),('BK-M18B-44','Mountain-500 Black, 44',100,75,294.58,539.99,4),('BK-M18B-48','Mountain-500 Black, 48',100,75,294.58,539.99,4),('BK-M18B-52','Mountain-500 Black, 52',100,75,294.58,539.99,4),('BK-M18S-40','Mountain-500 Silver, 40',100,75,308.22,564.99,4),('BK-M18S-42','Mountain-500 Silver, 42',100,75,308.22,564.99,4),('BK-M18S-44','Mountain-500 Silver, 44',100,75,308.22,564.99,4),('BK-M18S-48','Mountain-500 Silver, 48',100,75,308.22,564.99,4),('BK-M18S-52','Mountain-500 Silver, 52',100,75,308.22,564.99,4),('BK-M38S-38','Mountain-400-W Silver, 38',100,75,419.78,769.49,4),('BK-M38S-40','Mountain-400-W Silver, 40',100,75,419.78,769.49,4),('BK-M38S-42','Mountain-400-W Silver, 42',100,75,419.78,769.49,4),('BK-M38S-46','Mountain-400-W Silver, 46',100,75,419.78,769.49,4),('BK-M68B-38','Mountain-200 Black, 38',100,75,1251.98,2294.99,4),('BK-M68B-42','Mountain-200 Black, 42',100,75,1251.98,2294.99,4),('BK-M68B-46','Mountain-200 Black, 46',100,75,1251.98,2294.99,4),('BK-M68S-38','Mountain-200 Silver, 38',100,75,1265.62,2319.99,4),('BK-M68S-42','Mountain-200 Silver, 42',100,75,1265.62,2319.99,4),('BK-M68S-46','Mountain-200 Silver, 46',100,75,1265.62,2319.99,4),('BK-R19B-44','Road-750 Black, 44',100,75,343.65,539.99,4),('BK-R19B-48','Road-750 Black, 48',100,75,343.65,539.99,4),('BK-R19B-52','Road-750 Black, 52',100,75,343.65,539.99,4),('BK-R19B-58','Road-750 Black, 58',100,75,343.65,539.99,4),('BK-R64Y-38','Road-550-W Yellow, 38',100,75,713.08,1120.49,4),('BK-R64Y-40','Road-550-W Yellow, 40',100,75,713.08,1120.49,4),('BK-R64Y-42','Road-550-W Yellow, 42',100,75,713.08,1120.49,4),('BK-R64Y-44','Road-550-W Yellow, 44',100,75,713.08,1120.49,4),('BK-R64Y-48','Road-550-W Yellow, 48',100,75,713.08,1120.49,4),('BK-R79Y-40','Road-350-W Yellow, 40',100,75,1082.51,1700.99,4),('BK-R79Y-42','Road-350-W Yellow, 42',100,75,1082.51,1700.99,4),('BK-R79Y-44','Road-350-W Yellow, 44',100,75,1082.51,1700.99,4),('BK-R79Y-48','Road-350-W Yellow, 48',100,75,1082.51,1700.99,4),('BK-R89B-44','Road-250 Black, 44',100,75,1554.95,2443.35,4),('BK-R89B-48','Road-250 Black, 48',100,75,1554.95,2443.35,4),('BK-R89B-52','Road-250 Black, 52',100,75,1554.95,2443.35,4),('BK-R89B-58','Road-250 Black, 58',100,75,1554.95,2443.35,4),('BK-R89R-58','Road-250 Red, 58',100,75,1554.95,2443.35,4),('BK-T18U-44','Touring-3000 Blue, 44',100,75,461.44,742.35,4),('BK-T18U-50','Touring-3000 Blue, 50',100,75,461.44,742.35,4),('BK-T18U-54','Touring-3000 Blue, 54',100,75,461.44,742.35,4),('BK-T18U-58','Touring-3000 Blue, 58',100,75,461.44,742.35,4),('BK-T18U-62','Touring-3000 Blue, 62',100,75,461.44,742.35,4),('BK-T18Y-44','Touring-3000 Yellow, 44',100,75,461.44,742.35,4),('BK-T18Y-50','Touring-3000 Yellow, 50',100,75,461.44,742.35,4),('BK-T18Y-54','Touring-3000 Yellow, 54',100,75,461.44,742.35,4),('BK-T18Y-58','Touring-3000 Yellow, 58',100,75,461.44,742.35,4),('BK-T18Y-62','Touring-3000 Yellow, 62',100,75,461.44,742.35,4),('BK-T44U-46','Touring-2000 Blue, 46',100,75,755.15,1214.85,4),('BK-T44U-50','Touring-2000 Blue, 50',100,75,755.15,1214.85,4),('BK-T44U-54','Touring-2000 Blue, 54',100,75,755.15,1214.85,4),('BK-T44U-60','Touring-2000 Blue, 60',100,75,755.15,1214.85,4),('BK-T79U-46','Touring-1000 Blue, 46',100,75,1481.94,2384.07,4),('BK-T79U-50','Touring-1000 Blue, 50',100,75,1481.94,2384.07,4),('BK-T79U-54','Touring-1000 Blue, 54',100,75,1481.94,2384.07,4),('BK-T79U-60','Touring-1000 Blue, 60',100,75,1481.94,2384.07,4),('BK-T79Y-46','Touring-1000 Yellow, 46',100,75,1481.94,2384.07,4),('BK-T79Y-50','Touring-1000 Yellow, 50',100,75,1481.94,2384.07,4),('BK-T79Y-54','Touring-1000 Yellow, 54',100,75,1481.94,2384.07,4),('BK-T79Y-60','Touring-1000 Yellow, 60',100,75,1481.94,2384.07,4),('CA-1098','AWC Logo Cap',4,3,6.92,8.99,0),('CH-0234','Chain',500,375,8.99,20.24,1),('CL-9009','Bike Wash - Dissolver',4,3,2.97,7.95,0),('CS-4759','LL Crankset',500,375,77.92,175.49,1),('CS-9183','HL Crankset',500,375,179.82,404.99,1),('FB-9873','Front Brakes',500,375,47.29,106.50,1),('FD-2342','Front Derailleur',500,375,40.62,91.49,1),('FR-M21B-42','LL Mountain Frame - Black, 42',500,375,136.79,249.79,1),('FR-M21B-44','LL Mountain Frame - Black, 44',500,375,136.79,249.79,1),('FR-M21B-48','LL Mountain Frame - Black, 48',500,375,136.79,249.79,1),('FR-M21S-40','LL Mountain Frame - Silver, 40',500,375,144.59,264.05,2),('FR-M21S-42','LL Mountain Frame - Silver, 42',500,375,144.59,264.05,1),('FR-M21S-44','LL Mountain Frame - Silver, 44',500,375,144.59,264.05,1),('FR-M21S-52','LL Mountain Frame - Silver, 52',500,375,144.59,264.05,1),('FR-M63S-40','ML Mountain Frame-W - Silver, 40',500,375,199.38,364.09,1),('FR-M63S-42','ML Mountain Frame-W - Silver, 42',500,375,199.38,364.09,1),('FR-M63S-46','ML Mountain Frame-W - Silver, 46',500,375,199.38,364.09,1),('FR-M94B-38','HL Mountain Frame - Black, 38',500,375,739.04,1349.60,2),('FR-M94B-42','HL Mountain Frame - Black, 42',500,375,739.04,1349.60,1),('FR-M94S-38','HL Mountain Frame - Silver, 38',500,375,747.20,1364.50,2),('FR-M94S-42','HL Mountain Frame - Silver, 42',500,375,747.20,1364.50,1),('FR-M94S-46','HL Mountain Frame - Silver, 46',500,375,747.20,1364.50,1),('FR-R38B-52','LL Road Frame - Black, 52',500,375,204.63,337.22,1),('FR-R38B-58','LL Road Frame - Black, 58',500,375,204.63,337.22,1),('FR-R72Y-38','ML Road Frame-W - Yellow, 38',500,375,360.94,594.83,2),('FR-R72Y-44','ML Road Frame-W - Yellow, 44',500,375,360.94,594.83,1),('FR-R72Y-48','ML Road Frame-W - Yellow, 48',500,375,360.94,594.83,1),('FR-R92B-44','HL Road Frame - Black, 44',500,375,868.63,1431.50,1),('FR-R92R-44','HL Road Frame - Red, 44',500,375,868.63,1431.50,1),('FR-R92R-62','HL Road Frame - Red, 62',500,375,868.63,1431.50,1),('FR-T67U-50','LL Touring Frame - Blue, 50',500,375,199.85,333.42,1),('FR-T67U-54','LL Touring Frame - Blue, 54',500,375,199.85,333.42,1),('FR-T67Y-44','LL Touring Frame - Yellow, 44',500,375,199.85,333.42,1),('FR-T67Y-50','LL Touring Frame - Yellow, 50',500,375,199.85,333.42,1),('FR-T67Y-62','LL Touring Frame - Yellow, 62',500,375,199.85,333.42,1),('FR-T98U-46','HL Touring Frame - Blue, 46',500,375,601.74,1003.91,1),('FR-T98U-50','HL Touring Frame - Blue, 50',500,375,601.74,1003.91,1),('FR-T98U-54','HL Touring Frame - Blue, 54',500,375,601.74,1003.91,1),('FR-T98U-60','HL Touring Frame - Blue, 60',500,375,601.74,1003.91,1),('FR-T98Y-46','HL Touring Frame - Yellow, 46',500,375,601.74,1003.91,1),('FR-T98Y-50','HL Touring Frame - Yellow, 50',500,375,601.74,1003.91,1),('FR-T98Y-54','HL Touring Frame - Yellow, 54',500,375,601.74,1003.91,1),('FR-T98Y-60','HL Touring Frame - Yellow, 60',500,375,601.74,1003.91,1),('GL-H102-L','Half-Finger Gloves, L',4,3,9.16,24.49,0),('GL-H102-M','Half-Finger Gloves, M',4,3,9.16,24.49,0),('GL-H102-S','Half-Finger Gloves, S',4,3,9.16,24.49,0),('HB-M243','LL Mountain Handlebars',500,375,19.78,44.54,1),('HB-M763','ML Mountain Handlebars',500,375,27.49,61.92,1),('HB-M918','HL Mountain Handlebars',500,375,53.40,120.27,1),('HB-R956','HL Road Handlebars',500,375,53.40,120.27,1),('HB-T928','HL Touring Handlebars',500,375,40.66,91.57,1),('HL-U509','Sport-100 Helmet, Black',4,3,13.09,34.99,0),('HL-U509-B','Sport-100 Helmet, Blue',4,3,13.09,34.99,0),('HL-U509-R','Sport-100 Helmet, Red',4,3,13.09,34.99,0),('HY-1023-70','Hydration Pack - 70 oz.',4,3,20.57,54.99,0),('LJ-0192-L','Long-Sleeve Logo Jersey, L',4,3,38.49,49.99,0),('LJ-0192-M','Long-Sleeve Logo Jersey, M',4,3,38.49,49.99,0),('LJ-0192-X','Long-Sleeve Logo Jersey, XL',4,3,38.49,49.99,0),('PD-M282','LL Mountain Pedal',500,375,17.98,40.49,1),('PD-M340','ML Mountain Pedal',500,375,27.57,62.09,1),('PD-M562','HL Mountain Pedal',500,375,35.96,80.99,1),('PD-R347','LL Road Pedal',500,375,17.98,40.49,1),('PD-R563','ML Road Pedal',500,375,27.57,62.09,1),('PD-R853','HL Road Pedal',500,375,35.96,80.99,1),('PD-T852','Touring Pedal',500,375,35.96,80.99,1),('PK-7098','Patch Kit/8 Patches',4,3,0.86,2.29,0),('RA-H123','Hitch Rack - 4-Bike',4,3,44.88,120.00,0),('RB-9231','Rear Brakes',500,375,47.29,106.50,1),('RD-2308','Rear Derailleur',500,375,53.93,121.46,1),('SE-M236','LL Mountain Seat/Saddle',500,375,12.04,27.12,1),('SE-M798','ML Mountain Seat/Saddle',500,375,17.38,39.14,1),('SE-M940','HL Mountain Seat/Saddle',500,375,23.37,52.64,1),('SE-R995','HL Road Seat/Saddle',500,375,23.37,52.64,1),('SE-T924','HL Touring Seat/Saddle',500,375,23.37,52.64,1),('SH-W890-L','Women\'s Mountain Shorts, L',4,3,26.18,69.99,0),('SH-W890-M','Women\'s Mountain Shorts, M',4,3,26.18,69.99,0),('SH-W890-S','Women\'s Mountain Shorts, S',4,3,26.18,69.99,0),('SJ-0194-L','Short-Sleeve Classic Jersey, L',4,3,41.57,53.99,0),('SJ-0194-S','Short-Sleeve Classic Jersey, S',4,3,41.57,53.99,0),('SJ-0194-X','Short-Sleeve Classic Jersey, XL',4,3,41.57,53.99,0),('SO-R809-L','Racing Socks, L',4,3,3.36,8.99,0),('SO-R809-M','Racing Socks, M',4,3,3.36,8.99,0),('VE-C304-M','Classic Vest, M',4,3,23.75,63.50,0),('VE-C304-S','Classic Vest, S',4,3,23.75,63.50,0),('WB-H098','Water Bottle - 30 oz.',4,3,1.87,4.99,0);
/*!40000 ALTER TABLE `Products` ENABLE KEYS */;
UNLOCK TABLES;

--
-- Table structure for table `TermsCode`
--

DROP TABLE IF EXISTS `TermsCode`;
/*!40101 SET @saved_cs_client     = @@character_set_client */;
/*!40101 SET character_set_client = utf8mb4 */;
CREATE TABLE `TermsCode` (
  `TermsCodeID` varchar(50) NOT NULL,
  `Description` varchar(50) DEFAULT NULL,
  PRIMARY KEY (`TermsCodeID`)
) ENGINE=InnoDB DEFAULT CHARSET=utf8mb4 COLLATE=utf8mb4_general_ci;
/*!40101 SET character_set_client = @saved_cs_client */;

--
-- Dumping data for table `TermsCode`
--

LOCK TABLES `TermsCode` WRITE;
/*!40000 ALTER TABLE `TermsCode` DISABLE KEYS */;
INSERT INTO `TermsCode` VALUES ('210NET30','2% discount in 10 days Net 30'),('NET15','Payment due in 15 days.'),('NET30','Payment due in 30 days.');
/*!40000 ALTER TABLE `TermsCode` ENABLE KEYS */;
UNLOCK TABLES;
/*!40103 SET TIME_ZONE=@OLD_TIME_ZONE */;

/*!40101 SET SQL_MODE=@OLD_SQL_MODE */;
/*!40014 SET FOREIGN_KEY_CHECKS=@OLD_FOREIGN_KEY_CHECKS */;
/*!40014 SET UNIQUE_CHECKS=@OLD_UNIQUE_CHECKS */;
/*!40101 SET CHARACTER_SET_CLIENT=@OLD_CHARACTER_SET_CLIENT */;
/*!40101 SET CHARACTER_SET_RESULTS=@OLD_CHARACTER_SET_RESULTS */;
/*!40101 SET COLLATION_CONNECTION=@OLD_COLLATION_CONNECTION */;
/*!40111 SET SQL_NOTES=@OLD_SQL_NOTES */;

-- Dump completed on 2026-03-05 14:06:32
